VehicleID,Amount (Million Naira)
VHL18518,5.1845126
VHL17149,4.198984
VHL10927,3.3607683
VHL12909,2.9526258
VHL12348,8.702345
VHL10798,30.014631
VHL11022,2.6853266
VHL12206,3.5730371
VHL11697,9.654665
VHL12313,4.102264
VHL13411,13.094314
VHL14334,3.879867
VHL14302,4.5125613
VHL13979,3.2017424
VHL12272,2.5125918
VHL15071,5.706181
VHL19166,3.252441
VHL10471,2.2007425
VHL18431,2.3932278
VHL12325,8.59371
VHL15657,2.7922873
VHL13667,20.757263
VHL18913,6.206715
VHL13273,-2.1916752
VHL16576,0.88967764
VHL15506,1.045279
VHL10460,33.513836
VHL16050,2.504119
VHL17918,4.8863826
VHL12992,3.069624
VHL10261,10.675979
VHL18348,4.879139
VHL11577,4.856389
VHL16957,1.9485066
VHL16165,18.75107
VHL11441,3.2459655
VHL19990,2.886311
VHL14072,3.2018063
VHL13637,3.3968713
VHL10757,20.932207
VHL12657,8.374338
VHL19939,12.931385
VHL12094,10.237705
VHL17177,2.8313286
VHL16720,11.6661415
VHL11478,11.3526
VHL14386,11.013721
VHL11341,6.466924
VHL18683,13.457573
VHL13430,11.044641
VHL18932,-0.374526
VHL17505,6.679916
VHL16272,2.595775
VHL14777,4.9167223
VHL13186,8.674742
VHL19383,1.3258424
VHL14605,11.162607
VHL11440,18.102922
VHL14303,12.011431
VHL19478,4.3477716
VHL17837,3.8219972
VHL12824,3.7015076
VHL17476,2.8524868
VHL18988,2.1441119
VHL19482,5.9829917
VHL13263,3.077325
VHL17078,6.023973
VHL19170,4.905717
VHL18070,1.2546403
VHL18061,10.711726
VHL10726,3.3194928
VHL19212,5.5100946
VHL13283,2.875283
VHL14023,9.838371
VHL16973,16.56073
VHL19653,15.111743
VHL18605,12.169687
VHL13287,8.572374
VHL15719,1.7862275
VHL19636,5.9271135
VHL11009,4.015994
VHL18087,5.667577
VHL14422,2.4461837
VHL15789,18.868902
VHL12369,5.1448607
VHL15812,5.9759016
VHL18767,210.93558
VHL19271,24.256691
VHL17403,2.3428383
VHL12967,2.7269292
VHL19998,6.3162875
VHL12336,8.378111
VHL10328,2.7568204
VHL18908,2.7636905
VHL11127,4.9146276
VHL12655,15.729032
VHL19086,28.206425
VHL10384,16.289433
VHL15712,10.444864
VHL11054,17.614454
VHL16505,6.433924
VHL10534,2.2336943
VHL14120,2.1185968
VHL10206,4.8495693
VHL13595,11.794308
VHL15887,4.09929
VHL12672,3.3443654
VHL19770,4.8311644
VHL13026,9.576832
VHL12635,6.4094934
VHL14014,4.7994237
VHL19238,6.0405684
VHL18156,3.3425753
VHL13087,4.149899
VHL13743,2.5513697
VHL19323,124.06896
VHL16129,4.572301
VHL17626,5.915983
VHL14525,3.1524982
VHL15597,37.135376
VHL19429,4.0682807
VHL14074,8.405479
VHL17422,57.441174
VHL11861,31.847
VHL19828,17.236317
VHL14000,3.4870765
VHL12312,8.662101
VHL16257,3.8423214
VHL14859,1.9308932
VHL16048,1.5537004
VHL14039,1.7438412
VHL10296,0.75176847
VHL14949,1.7218657
VHL17034,25.896395
VHL17149,16.429205
VHL19677,5.57295
VHL14433,2.8815272
VHL16582,3.3810396
VHL10059,6.188047
VHL17140,10.196367
VHL10364,8.662101
VHL16932,2.568682
VHL18587,5.3991647
VHL13635,1.7424426
VHL18371,23.900854
VHL19622,9.315953
VHL18669,10.840517
VHL17359,4.524535
VHL19788,7.342897
VHL19078,12.166412
VHL12673,3.1185722
VHL17895,2.179586
VHL18950,14.90891
VHL13562,52.462635
VHL11306,8.306513
VHL15496,9.452573
VHL11927,17.120226
VHL10392,31.864246
VHL14124,2.881613
VHL12586,3.853913
VHL12895,4.0460844
VHL18481,5.2412124
VHL11310,3.248811
VHL15810,2.9767916
VHL16037,8.318001
VHL19627,24.218035
VHL11152,4.570011
VHL17698,23.085285
VHL19815,58.000072
VHL18192,2.3538294
VHL19720,1.2420437
VHL11686,6.725101
VHL18649,3.584043
VHL12765,4.269046
VHL10026,13.20849
VHL11001,7.2864437
VHL13433,5.1991224
VHL17827,3.3369865
VHL12344,4.7877455
VHL17308,40.907574
VHL18722,2.7998428
VHL17199,5.9822836
VHL15338,2.8018186
VHL16946,5.5800533
VHL11039,2.7243047
VHL18017,6.630142
VHL15945,9.43524
VHL14724,0.43825582
VHL15314,20.026924
VHL14276,5.2215652
VHL17883,4.4293056
VHL14385,16.040575
VHL18665,1.3884685
VHL15936,64.775215
VHL19518,5.2817626
VHL13530,2.4844527
VHL17861,6.0293922
VHL10966,48.140285
VHL11652,6.605985
VHL16641,9.165634
VHL12017,14.98145
VHL14856,5.38678
VHL16801,4.8384867
VHL16814,29.800938
VHL13748,3.1857793
VHL13104,19.008018
VHL10022,20.511656
VHL14787,2.7941675
VHL19015,4.3803434
VHL11089,2.981691
VHL13873,3.0858629
VHL15486,33.648735
VHL13253,1.9038026
VHL15232,1.8681159
VHL18914,4.7563853
VHL14922,4.2175484
VHL14541,2.5080223
VHL15820,14.893985
VHL10710,4.452386
VHL11752,4.041039
VHL13868,2.4325006
VHL17442,16.905048
VHL14571,16.205467
VHL17155,3.0660489
VHL11093,6.000213
VHL18280,2.4369068
VHL18425,2.8503323
VHL10175,2.691597
VHL15307,9.346485
VHL18062,3.4316213
VHL18972,1.244447
VHL11185,4.5003576
VHL10343,3.033379
VHL10450,3.4561489
VHL19621,6.6743503
VHL14502,5.006052
VHL12768,10.298599
VHL19922,10.810474
VHL10824,18.162006
VHL16646,7.178191
VHL15462,8.940083
VHL15801,5.5365086
VHL10322,6.2020173
VHL15613,4.827366
VHL17756,2.7003627
VHL16186,17.141304
VHL19061,4.0087285
VHL13446,34.27062
VHL10599,16.596735
VHL18255,17.875324
VHL17948,5.452083
VHL17616,7.263146
VHL17664,37.57584
VHL18299,2.2193692
VHL18959,6.093607
VHL10473,7.1708665
VHL17271,12.148481
VHL19798,3.4675672
VHL17935,140.60878
VHL10245,25.85982
VHL15041,3.3566647
VHL15001,6.266939
VHL16287,1.9942297
VHL13974,12.8934
VHL15764,11.300184
VHL18888,1.8587677
VHL14882,6.380441
VHL19424,7.828943
VHL13785,44.183292
VHL10783,13.0514965
VHL19808,2.5569372
VHL18890,11.6661415
VHL13440,4.5870094
VHL13285,7.028022
VHL18805,40.859886
VHL18550,2.6771865
VHL10061,4.3143926
VHL18522,17.43482
VHL16813,7.1626215
VHL11036,13.865671
VHL12107,24.392069
VHL17826,18.744642
VHL14449,2.041462
VHL14938,2.5476196
VHL14098,6.424994
VHL19241,9.11837
VHL17856,4.1903453
VHL18900,2.6605237
VHL11133,8.57247
VHL11687,23.749659
VHL12719,2.9734821
VHL15531,2.6625698
VHL17329,35.6927
VHL16806,-0.09452671
VHL11582,1.8291368
VHL16362,3.0593355
VHL11119,9.24799
VHL13806,36.026844
VHL11733,1.4435213
VHL18959,89.224396
VHL17287,3.211489
VHL11709,3.7412248
VHL19793,4.859176
VHL19880,2.127936
VHL19964,20.438498
VHL12784,11.2609415
VHL17371,12.884086
VHL12439,2.3493943
VHL16652,4.0645676
VHL17836,13.323107
VHL16597,5.6466413
VHL18707,4.5125613
VHL16683,10.186438
VHL15365,3.1290867
VHL13507,6.440509
VHL14459,21.67958
VHL19300,6.5442233
VHL18418,15.737044
VHL15350,2.3174896
VHL15927,2.0440671
VHL12985,13.379258
VHL10426,19.920376
VHL10506,5.4638968
VHL11042,14.646772
VHL18043,3.8218417
VHL16258,4.238214
VHL19326,3.1252184
VHL15424,9.85289
VHL19014,7.231778
VHL11310,7.2524776
VHL12927,8.984901
VHL10082,5.923783
VHL10068,12.440992
VHL13660,2.2457218
VHL18810,6.46174
VHL17666,17.853458
VHL18022,2.7831616
VHL11237,16.50299
VHL17240,10.0070305
VHL13512,7.32826
VHL10596,71.83319
VHL10073,5.1879134
VHL13719,2.4491208
VHL10077,3.3475785
VHL13151,6.1117415
VHL12499,3.0807428
VHL18832,19.197912
VHL16790,7.55747
VHL13880,49.80923
VHL19448,4.020573
VHL15860,4.390324
VHL14538,6.3067923
VHL16505,5.824923
VHL11544,17.242735
VHL19830,10.43268
VHL10194,4.7545843
VHL15744,2.6351223
VHL10957,6.77414
VHL12568,1.7369927
VHL19448,5.973544
VHL14417,4.9626837
VHL10368,13.436892
VHL10806,2.8039231
VHL17414,8.762068
VHL14892,1.8363233
VHL17933,9.406174
VHL15852,41.608265
VHL10505,16.44125
VHL18345,14.48115
VHL13294,11.662711
VHL18253,8.343546
VHL17152,8.135902
VHL12883,24.68873
VHL16101,13.526401
VHL15563,10.649481
VHL10313,3.449889
VHL18291,1.0003191
VHL13553,4.425652
VHL11440,2.4227076
VHL15887,3.0628328
VHL17489,18.114202
VHL16271,14.015771
VHL15007,54.46527
VHL15329,19.278515
VHL13826,-7.3565817
VHL11568,6.343227
VHL13578,4.876154
VHL16302,2.6177227
VHL12677,6.7057953
VHL18866,3.7401314
VHL11976,2.9790726
VHL17817,18.313965
VHL16893,2.6969967
VHL11075,1.7753291
VHL14865,5.3991647
VHL13535,2.160945
VHL16299,17.782806
VHL19327,1.6670411
VHL10055,4.248001
VHL14258,4.757897
VHL11527,2.138887
VHL17682,4.4993515
VHL10073,6.617859
VHL14599,11.520042
VHL15495,4.2442813
VHL13387,5.406927
VHL19505,2.7343464
VHL16307,1.0006514
VHL11034,75.62434
VHL13625,3.793326
VHL19623,3.4733322
VHL10838,2.7818356
VHL11711,4.351296
VHL14148,2.8964198
VHL15745,0.7528198
VHL15705,2.6672292
VHL14767,12.811333
VHL10108,4.3398743
VHL17818,2.9431677
VHL18324,6.696835
VHL19741,10.580845
VHL11815,6.7878346
VHL18939,4.391518
VHL18042,2.3408835
VHL13176,2.4466934
VHL16859,2.8458374
VHL14405,4.5970054
VHL14751,18.231434
VHL18416,2.9214377
VHL13952,8.135902
VHL14726,2.715825
VHL11889,4.102264
VHL12851,10.671181
VHL12862,3.1558156
VHL14262,4.4033375
VHL13520,5.1249137
VHL14967,2.1855016
VHL14728,2.536299
VHL15340,4.490501
VHL14760,4.304171
VHL18498,2.8816595
VHL18440,3.2086825
VHL18477,3.889039
VHL16456,7.0635424
VHL19596,1.9349682
VHL19616,10.896418
VHL12885,15.310825
VHL13080,4.71115
VHL10988,3.2809048
VHL16251,3.445776
VHL16941,2.9993954
VHL19708,4.7271166
VHL13116,41.87749
VHL17823,6.2221394
VHL14587,9.837629
VHL16807,2.255397
VHL15706,3.4225776
VHL19568,4.5125613
VHL12877,21.281082
VHL16412,1.7059394
VHL18036,17.605593
VHL16860,17.942598
VHL14755,2.9004607
VHL19234,20.23075
VHL13272,1.7547827
VHL16892,2.6134813
VHL17413,16.769312
VHL18817,3.4071627
VHL11681,4.082587
VHL10192,16.773098
VHL16374,4.872882
VHL17630,9.469265
VHL15610,3.0056224
VHL11364,1.7136834
VHL13136,22.224546
VHL10038,3.6293995
VHL12580,2.8279464
VHL14253,8.710802
VHL17421,12.484628
VHL15458,2.4317334
VHL12574,5.7153893
VHL14109,9.6466675
VHL15943,4.9060063
VHL17404,2.5119472
VHL14940,9.546846
VHL16625,8.959297
VHL12066,6.6757507
VHL12899,9.042256
VHL11652,9.630949
VHL17554,39.16058
VHL11567,2.8489065
VHL10163,5.0568066
VHL10355,20.788174
VHL12041,3.266718
VHL13416,7.9875007
VHL15974,2.0185442
VHL12082,3.8594992
VHL12319,2.8440063
VHL12556,2.923768
VHL18675,7.2960577
VHL13381,2.419238
VHL14325,31.547922
VHL15875,5.927141
VHL10638,6.062603
VHL10544,4.387042
VHL11654,3.3880758
VHL14423,1.2280989
VHL14569,4.50709
VHL15007,2.1487374
VHL18221,12.094274
VHL10785,4.063681
VHL16546,6.030314
VHL19173,6.8389072
VHL11731,13.151594
VHL18180,7.804517
VHL19452,6.2503233
VHL16163,4.217155
VHL14877,3.0831277
VHL10102,22.701195
VHL16046,12.091192
VHL13684,14.198714
VHL18749,35.388386
VHL15304,9.101866
VHL10117,48.274223
VHL19957,1.2255504
VHL19132,1.9429479
VHL15383,7.125876
VHL10136,23.098064
VHL17919,4.3670025
VHL11444,3.0093484
VHL18795,21.410381
VHL12062,2.818196
VHL15890,8.605282
VHL17372,43.16794
VHL12038,9.331461
VHL19368,2.3355112
VHL10476,2.6106236
VHL14079,3.0770988
VHL10401,3.2551053
VHL12810,12.539049
VHL19466,2.1439338
VHL15757,3.461597
VHL15894,3.5490842
VHL18056,8.148598
VHL16634,3.6266875
VHL16608,2.4369068
VHL19831,4.3951817
VHL13863,11.218179
VHL11159,5.449477
VHL15412,11.1335335
VHL10730,3.2872164
VHL17248,2.4702072
VHL16421,21.373438
VHL11328,3.7807357
VHL18439,3.5888681
VHL12340,4.4146457
VHL10461,2.7117429
VHL15024,5.458309
VHL11850,12.009424
VHL16423,8.3924675
VHL16427,9.211102
VHL13444,2.3356829
VHL16609,2.0289023
VHL11522,5.8635964
VHL11433,8.139153
VHL15853,1.6132078
VHL14168,3.1084495
VHL19004,6.2566457
VHL10827,39.38194
VHL19998,3.4072032
VHL14997,3.2869742
VHL15827,9.625921
VHL18844,4.4421196
VHL10076,6.045772
VHL16342,2.4281769
VHL19420,2.8019884
VHL12762,4.2088723
VHL16916,3.3490567
VHL10660,5.386668
VHL18142,5.411615
VHL13721,5.514779
VHL18101,3.8907332
VHL11732,3.0398903
VHL14351,2.5215104
VHL16617,3.3538086
VHL13840,6.2759027
VHL10596,1.5912414
VHL19148,2.7179427
VHL16845,11.977446
VHL17262,10.468914
VHL17801,7.7370715
VHL18039,14.2247925
VHL15369,9.880175
VHL14483,1.9298763
VHL19700,5.4264317
VHL15877,21.276949
VHL15552,16.410927
VHL18756,8.8707905
VHL10301,12.50028
VHL17678,7.3329053
VHL17604,2.3714528
VHL17969,102.66179
VHL17089,6.625535
VHL13239,43.203983
VHL12466,2.992049
VHL16020,10.402885
VHL15014,3.0734253
VHL13302,2.878297
VHL17986,4.2552514
VHL14724,5.117193
VHL15147,4.481932
VHL15325,3.1956277
VHL16131,13.744887
VHL14868,3.1310558
VHL15382,20.012901
VHL12164,3.4675672
VHL11723,5.6923265
VHL14888,4.8834763
VHL17997,4.8317757
VHL11576,5.5463166
VHL16048,7.1766973
VHL17795,4.1865077
VHL15642,4.2472644
VHL13953,0.030202657
VHL10189,13.922153
VHL13338,6.1692266
VHL19247,27.886293
VHL16429,11.68702
VHL10272,3.8219972
VHL12716,2.9725757
VHL12652,5.344952
VHL13545,11.331162
VHL11323,3.4838576
VHL15121,24.05783
VHL17568,6.0621305
VHL11886,3.138639
VHL17402,10.668028
VHL10243,11.409876
VHL13407,2.3126478
VHL12149,3.0376973
VHL11037,8.007442
VHL17924,7.901591
VHL12180,10.771872
VHL14683,7.2832694
VHL18920,2.714549
VHL12024,3.0529618
VHL13968,73.77158
VHL11079,4.3540573
VHL14355,2.129528
VHL11824,2.8458123
VHL19942,2.5732317
VHL12917,54.778706
VHL15326,27.569622
VHL13585,2.709975
VHL12069,3.7891989
VHL17056,6.4183655
VHL10515,4.6013484
VHL16435,2.7157261
VHL17564,1.936552
VHL18798,2.2091641
VHL10222,6.187106
VHL17645,19.332478
VHL10810,2.467925
VHL14216,3.5644593
VHL13799,2.302951
VHL19965,2.8095303
VHL18568,11.044532
VHL17957,4.288676
VHL11023,3.0111198
VHL17797,5.5700283
VHL16174,24.919107
VHL15112,1.336314
VHL10167,5.3513346
VHL18749,3.0815508
VHL16276,5.36409
VHL15593,8.465502
VHL18474,7.4185414
VHL13000,4.389209
VHL10796,3.2014894
VHL16443,11.850242
VHL13954,6.773873
VHL12761,4.436028
VHL17916,10.12044
VHL13145,6.4925323
VHL19331,13.037611
VHL15623,14.2539215
VHL13922,10.119462
VHL11222,3.0200794
VHL15425,10.481226
VHL19072,2.948117
VHL18649,10.602253
VHL14730,1.1575458
VHL12512,7.169253
VHL18486,1.1286457
VHL13182,3.033379
VHL19735,7.570602
VHL13370,27.040834
VHL15038,6.466924
VHL13034,2.3976521
VHL16581,17.112362
VHL12113,4.9571834
VHL16914,9.686596
VHL18231,14.314394
VHL14192,3.0813398
VHL10404,5.923612
VHL10084,36.48297
VHL13855,9.849259
VHL14027,5.053185
VHL16209,5.5376396
VHL11144,18.869858
VHL18646,7.2728324
VHL16431,3.6592185
VHL16873,2.511644
VHL19594,18.002571
VHL18630,5.0604644
VHL17288,4.354754
VHL13113,4.25095
VHL18865,3.4929132
VHL18260,4.6917834
VHL13198,4.107785
VHL11475,3.0976932
VHL18584,11.600534
VHL14768,33.818504
VHL16073,4.521612
VHL15742,2.878297
VHL18879,3.4055285
VHL12038,3.1283348
VHL19728,5.366936
VHL17986,2.413574
VHL18819,4.030838
VHL12225,1.1176398
VHL19157,9.166662
VHL19615,3.2945633
VHL17175,2.3195055
VHL13050,5.25726
VHL13123,1.915694
VHL16065,1.56885
VHL12484,2.7842276
VHL11338,11.988806
VHL17289,6.1494074
VHL15447,3.1662476
VHL18803,3.3918726
VHL18294,3.0476143
VHL15133,5.280527
VHL10657,2.2333355
VHL10619,6.8514485
VHL17912,10.010847
VHL18164,6.868822
VHL14504,6.026656
VHL18885,2.7741363
VHL10118,3.0775166
VHL17852,2.883569
VHL18834,6.0074615
VHL11508,4.7808237
VHL17633,1.3948386
VHL15893,5.906173
VHL14089,17.853884
VHL18800,28.958712
VHL12314,1.9147081
VHL18047,17.017397
VHL11118,3.3378966
VHL17922,2.50691
VHL17121,3.065796
VHL13960,3.4488232
VHL15350,9.318216
VHL17939,3.4673615
VHL11888,9.16875
VHL17044,2.734697
VHL10290,25.801767
VHL19497,12.932253
VHL17807,11.415937
VHL11467,47.94648
VHL14703,10.670081
VHL17518,3.4316213
VHL19578,3.5788174
VHL10425,21.045279
VHL11304,1.3884685
VHL10086,3.3133702
VHL19512,3.0979557
VHL13350,4.7459807
VHL12694,42.786747
VHL12838,23.876678
VHL16255,2.3806915
VHL15196,8.799543
VHL16844,9.980576
VHL10977,10.421675
VHL18145,9.237083
VHL12297,1.8404777
VHL15274,12.743473
VHL15478,7.2000475
VHL16940,2.128272
VHL14407,1.2289746
VHL19544,3.5197792
VHL10519,4.842738
VHL16928,1.4145298
VHL11692,3.6389265
VHL15180,4.230121
VHL19040,3.8108244
VHL11628,6.095997
VHL19845,3.1793263
VHL16574,37.72543
VHL14807,5.04839
VHL11188,14.437763
VHL18077,38.296356
VHL14836,3.4597952
VHL13406,2.3119876
VHL18365,1.8039603
VHL18328,3.2750015
VHL14695,1.8935499
VHL12724,4.145289
VHL10202,3.1674647
VHL12815,2.1216648
VHL12630,28.908875
VHL14283,10.60693
VHL18698,2.6028728
VHL10141,2.9149075
VHL16204,3.6116478
VHL11310,7.165783
VHL18878,2.0445843
VHL19310,5.3133416
VHL18219,2.6915812
VHL13108,2.9423501
VHL14070,41.785576
VHL16891,3.539205
VHL10398,4.876154
VHL12755,2.6681144
VHL12995,2.7401114
VHL12158,4.086088
VHL17814,14.512842
VHL15098,2.513434
VHL13066,5.3264976
VHL13362,2.3919172
VHL13443,1.3651643
VHL18173,1.6585984
VHL16277,19.622393
VHL17380,3.9700487
VHL18129,7.8767705
VHL11891,2.4741302
VHL11042,3.3629057
VHL16137,3.0791361
VHL13400,4.1313305
VHL19399,22.499369
VHL16723,4.107731
VHL12416,12.3284645
VHL10350,2.893402
VHL13811,4.267359
VHL13916,2.9294739
VHL11857,5.943985
VHL12040,4.498038
VHL10872,4.8466597
VHL14351,16.020163
VHL18230,-5.693203
VHL14851,19.718689
VHL19426,5.507422
VHL12795,7.0751333
VHL16882,28.477282
VHL15924,2.8179674
VHL10807,2.845366
VHL10611,4.905717
VHL15296,3.3370843
VHL11333,10.119349
VHL18616,3.4864006
VHL15633,4.825128
VHL15157,2.0966423
VHL16982,2.4568572
VHL13879,13.043283
VHL17585,4.6887226
VHL13116,1.8356725
VHL16982,2.813065
VHL18017,7.024527
VHL19155,6.3180223
VHL19997,3.0313704
VHL19660,3.033379
VHL19990,6.000213
VHL13582,2.540431
VHL15998,15.758039
VHL13285,0.849119
VHL16586,5.0092077
VHL15120,7.034585
VHL14954,6.2020173
VHL18066,1.958646
VHL13559,3.6329153
VHL14707,6.7753124
VHL12562,10.094937
VHL15527,4.823974
VHL12878,8.770294
VHL12507,2.4664843
VHL14699,1.3501556
VHL14730,9.958515
VHL16614,3.7350843
VHL13024,3.4376464
VHL19915,4.663547
VHL13101,2.6687179
VHL13052,4.044176
VHL19820,19.649366
VHL11562,3.021299
VHL16424,16.216917
VHL10876,8.491354
VHL12199,4.8295226
VHL17320,6.877957
VHL13599,1.862365
VHL15761,3.4503715
VHL12114,2.6225464
VHL14797,2.454519
VHL10360,17.295504
VHL11344,15.6055975
VHL13709,3.7555456
VHL19962,12.789293
VHL11021,2.3279285
VHL11988,5.013622
VHL18459,2.9724154
VHL12547,6.1402144
VHL17688,10.73679
VHL10267,164.82503
VHL17363,22.42202
VHL19946,16.347172
VHL17698,3.9196634
VHL10234,1.111851
VHL13897,5.5502205
VHL13543,4.25416
VHL11002,7.405782
VHL19102,3.0004697
VHL17633,71.23958
VHL18124,3.6309426
VHL16120,3.1714337
VHL19186,7.508722
VHL18664,6.2020254
VHL17083,22.557262
VHL13077,7.17674
VHL17267,10.219152
VHL18565,11.661543
VHL13814,10.123144
VHL18967,15.528334
VHL13503,6.4087067
VHL13644,2.606613
VHL17079,4.552449
VHL15239,13.121959
VHL17245,2.2592251
VHL10153,40.099384
VHL19693,1.7825992
VHL10773,3.7239451
VHL11413,1.4894629
VHL10223,20.29497
VHL18530,1.2784085
VHL12551,4.2899613
VHL17602,4.970124
VHL13375,25.000443
VHL13337,15.422328
VHL18551,5.7406774
VHL17882,4.3168106
VHL17761,3.5988028
VHL12646,7.348983
VHL15219,14.778758
VHL14365,5.228038
VHL16915,3.7305691
VHL10906,3.2126396
VHL13513,1.4818666
VHL14542,12.211373
VHL14200,6.081451
VHL18013,7.8351564
VHL14772,6.978641
VHL13641,7.6875
VHL15001,4.269962
VHL10409,6.33291
VHL12698,10.12044
VHL14128,3.0837746
VHL10621,2.3449693
VHL13729,5.4864035
VHL16191,6.3729744
VHL11188,8.778492
VHL14810,21.380882
VHL16357,0.9548271
VHL18353,5.2324038
VHL15843,3.4586415
VHL10210,2.880692
VHL17457,3.8375354
VHL11022,8.60725
VHL16541,3.048238
VHL17647,2.6320899
VHL11229,38.41646
VHL17996,3.0865922
VHL17089,4.423014
VHL19543,10.157909
VHL19715,45.568634
VHL17944,8.135902
VHL16820,32.58893
VHL14857,7.064927
VHL17512,6.020892
VHL16649,12.169687
VHL14838,13.742599
VHL14568,3.0381382
VHL17525,8.3612
VHL16117,4.115931
VHL13135,5.221051
VHL19812,3.2086473
VHL17027,6.397259
VHL14654,3.0381382
VHL12420,8.416615
VHL10360,4.570727
VHL13629,24.82936
VHL16737,4.784261
VHL15446,6.2900076
VHL10946,3.0099819
VHL13953,1.7685926
VHL17303,13.843847
VHL15447,3.755569
VHL12854,5.96623
VHL12567,5.443255
VHL19137,1.627872
VHL19411,4.1332097
VHL10923,2.9021072
VHL17236,4.082546
VHL19462,18.612732
VHL13097,6.164389
VHL19969,4.446458
VHL11860,2.51727
VHL18943,4.324541
VHL11672,10.662533
VHL10815,3.5259676
VHL16245,3.0980678
VHL14969,12.566588
VHL19652,2.4282398
VHL11330,1.5259457
VHL19827,12.362447
VHL10484,4.476104
VHL11394,1.7775986
VHL18787,20.95942
VHL11803,4.99605
VHL12784,18.185612
VHL17216,9.131338
VHL10033,13.040074
VHL11776,5.4925675
VHL14947,11.0068245
VHL17522,2.4615936
VHL14197,2.7645125
VHL13071,3.0961294
VHL17406,2.1104565
VHL12174,6.549646
VHL12440,3.2162516
VHL12462,2.5734408
VHL12158,3.3021336
VHL14899,3.0933192
VHL11281,10.865782
VHL10913,12.670624
VHL19630,3.7799528
VHL19709,2.8895826
VHL14819,4.080789
VHL15381,2.7928019
VHL14781,3.183395
VHL18728,9.27104
VHL16520,2.585636
VHL10643,73.63272
VHL19438,25.159143
VHL14103,1.6171606
VHL19088,2.3477616
VHL15456,6.2682548
VHL16411,8.710531
VHL19044,3.1140037
VHL15194,12.622419
VHL11490,3.063602
VHL13904,3.7608266
VHL15148,50.82401
VHL10918,7.1173224
VHL19119,16.976578
VHL10313,7.1891284
VHL17176,20.958376
VHL17166,2.4417155
VHL11166,2.6872542
VHL19144,11.953864
VHL17259,11.670099
VHL11965,14.945853
VHL13791,4.514902
VHL12309,11.349684
VHL18687,3.0969925
VHL10199,6.260395
VHL18562,7.8712234
VHL14042,11.237574
VHL19017,3.85549
VHL18805,1.5817537
VHL18622,6.31683
VHL14045,27.98179
VHL17010,5.0861406
VHL16993,3.0526085
VHL16050,2.2554474
VHL16363,2.5645926
VHL10287,2.8132794
VHL19873,11.099293
VHL15450,5.150761
VHL14789,2.9526258
VHL14379,2.1891015
VHL10911,7.507316
VHL10449,9.297964
VHL19705,10.120138
VHL14766,9.129806
VHL16203,8.811266
VHL14855,2.813065
VHL14661,49.067627
VHL19859,2.9032211
VHL14028,5.2911553
VHL14991,1.8558855
VHL15291,2.741568
VHL16047,6.0051503
VHL12253,10.168213
VHL10428,3.0134623
VHL15237,90.329994
VHL16101,6.989976
VHL16143,20.755802
VHL10257,19.351227
VHL16662,50.515305
VHL19799,17.039457
VHL14241,8.706176
VHL17705,13.198672
VHL17529,1.8903174
VHL15191,4.743932
VHL17451,5.711877
VHL17879,3.0416367
VHL19264,5.4951673
VHL19009,24.64245
VHL10568,2.6893568
VHL19545,5.834654
VHL16822,5.8897996
VHL10957,14.056403
VHL15607,5.260913
VHL12093,105.00626
VHL19096,18.904972
VHL18288,6.452136
VHL11310,3.2598712
VHL19333,9.986005
VHL13823,6.875842
VHL19965,3.0513883
VHL16917,4.6933846
VHL11177,2.132928
VHL16853,11.760002
VHL18554,27.585674
VHL18562,7.4439025
VHL10753,6.629309
VHL16804,2.8064167
VHL18774,12.143723
VHL15561,2.5496144
VHL12265,6.318155
VHL10021,4.2240562
VHL18216,2.6893568
VHL18297,22.557262
VHL15781,3.0805836
VHL12134,5.9008403
VHL12909,3.4341817
VHL19963,22.548395
VHL16014,2.2823782
VHL14675,4.4063573
VHL19999,2.148388
VHL15433,2.7790813
VHL12937,2.8281512
VHL11373,29.596657
VHL17859,1.667969
VHL10314,9.005491
VHL18773,5.0057073
VHL16942,3.4987936
VHL18334,3.4625444
VHL17910,3.0593355
VHL18494,8.4294
VHL12860,2.0030522
VHL10204,8.674259
VHL19924,11.047228
VHL13255,4.718767
VHL12057,8.894564
VHL19296,6.4963226
VHL10104,14.925109
VHL14185,20.472073
VHL15914,1.7725354
VHL11633,4.691472
VHL10331,1.9402599
VHL15981,6.080008
VHL18376,12.257926
VHL14890,4.2779765
VHL14283,33.648735
VHL15877,3.8565063
VHL10019,6.370025
VHL10439,1.7705832
VHL18436,19.58047
VHL11989,4.98215
VHL19813,5.8602076
VHL15869,8.723593
VHL13464,2.5569372
VHL14974,5.424772
VHL13446,5.481053
VHL11326,4.6657085
VHL12561,4.655778
VHL12421,3.7340865
VHL15061,14.454553
VHL16174,10.004086
VHL14500,12.800327
VHL16937,48.766815
VHL13576,18.53781
VHL12458,5.088231
VHL11965,10.083974
VHL11890,2.5698574
VHL14930,2.4426713
VHL16445,5.7441964
VHL11308,12.559668
VHL17652,6.3914776
VHL13004,9.571825
VHL10262,4.532718
VHL13111,1.5117183
VHL13568,3.7375722
VHL12606,3.117683
VHL15786,3.5439968
VHL11054,22.514475
VHL15167,4.1824636
VHL14716,11.63397
VHL11763,4.1886387
VHL17885,4.5125613
VHL16048,2.8630543
VHL17032,1.7604737
VHL10344,11.305822
VHL13463,5.917467
VHL12903,2.902908
VHL14551,13.112159
VHL14763,3.0624194
VHL19270,4.7989926
VHL12817,7.2310953
VHL18354,4.4766226
VHL12185,3.9060395
VHL14983,13.38731
VHL15530,9.214855
VHL15827,6.776226
VHL14886,22.121483
VHL17643,2.8205361
VHL16987,8.717245
VHL14294,4.583307
VHL16175,8.292509
VHL18639,2.9041297
VHL13640,2.9262588
VHL17895,3.3736277
VHL19307,1.8575747
VHL19436,1.8772366
VHL19809,10.3887825
VHL10638,3.6051142
VHL13859,2.7995856
VHL11640,2.8524868
VHL13661,3.481007
VHL15523,3.281325
VHL12838,8.231724
VHL11312,8.658517
VHL12699,7.08348
VHL14640,3.3617568
VHL17666,8.736988
VHL14903,5.1758165
VHL13835,6.697713
VHL15635,14.925349
VHL19827,19.194845
VHL14808,6.2179933
VHL16208,2.6893568
VHL18605,2.3649802
VHL19751,4.1557593
VHL17664,12.981188
VHL12588,5.3741455
VHL17702,19.463161
VHL10842,3.6882648
VHL19609,57.18539
VHL12767,3.3737712
VHL13680,9.004687
VHL13507,3.5786264
VHL16160,5.550031
VHL13555,1.2664292
VHL18088,2.6623776
VHL16428,2.5840502
VHL11278,18.73487
VHL17567,13.19048
VHL16715,2.725555
VHL15486,5.645049
VHL10286,4.4823246
VHL13344,2.152452
VHL17544,9.112861
VHL12579,7.3511276
VHL19966,2.8095303
VHL12989,2.6223576
VHL18968,8.877295
VHL16423,8.310495
VHL15852,16.261019
VHL16298,10.970295
VHL13399,1.9287417
VHL11381,70.56063
VHL18329,125.09137
VHL13335,2.0402832
VHL11885,6.7078414
VHL19284,7.404359
VHL12612,11.471079
VHL15522,4.125075
VHL16059,12.685722
VHL10388,6.597832
VHL10025,13.08419
VHL14629,1.6828301
VHL10790,2.8780684
VHL17966,3.7805815
VHL12843,7.7597427
VHL11996,2.7708297
VHL15688,5.623115
VHL13110,3.2463803
VHL19865,14.7613325
VHL13379,2.556608
VHL18639,4.4558935
VHL16928,11.6661415
VHL11725,49.006413
VHL11355,9.24799
VHL17560,9.552892
VHL11885,3.1133792
VHL12995,21.411882
VHL11751,0.13299498
VHL14633,22.280876
VHL16853,4.3117023
VHL14501,3.7909038
VHL13938,13.142819
VHL12329,2.826755
VHL10067,3.6356611
VHL19818,8.111765
VHL12785,2.4417155
VHL13874,2.8524868
VHL18142,22.433199
VHL14855,9.373184
VHL12147,16.56073
VHL15256,13.460535
VHL13751,5.756811
VHL17863,2.5569372
VHL13981,8.416462
VHL18916,2.1159062
VHL19492,5.6039047
VHL16004,60.41934
VHL15913,2.0495267
VHL16871,7.084199
VHL11388,2.7401114
VHL15019,2.7953634
VHL11934,2.681398
VHL19784,2.9724154
VHL12593,11.809047
VHL15836,20.26247
VHL17034,1.7492287
VHL14607,3.2629385
VHL17105,13.129008
VHL18773,3.805874
VHL12684,27.893787
VHL17154,5.089008
VHL10849,3.4675672
VHL12067,5.536851
VHL14247,3.8317442
VHL18581,5.703096
VHL18516,3.1610937
VHL17684,2.1761582
VHL17215,2.5328617
VHL15232,28.495285
VHL19310,7.5014734
VHL12120,6.0622444
VHL15455,17.434462
VHL10132,2.6952107
VHL12356,18.61518
VHL16995,6.392435
VHL15752,12.337101
VHL12151,14.877643
VHL11902,432.46716
VHL17808,1.0902483
VHL17592,1.5468309
VHL16636,5.010819
VHL11497,10.264853
VHL17774,15.640108
VHL15919,4.4421196
VHL15172,3.0542312
VHL11820,0.24658361
VHL13093,36.880733
VHL17445,16.404175
VHL18989,1.1565175
VHL10713,-1.7305665
VHL14240,1.7452803
VHL13501,3.985918
VHL18215,6.4664288
VHL14878,29.765305
VHL19143,3.099281
VHL10173,6.3914466
VHL16962,9.089735
VHL15384,3.2628765
VHL13844,5.3390994
VHL11998,4.51334
VHL10444,1.0616736
VHL19655,4.5125613
VHL18921,3.5932512
VHL11774,14.754884
VHL15490,7.0462193
VHL18694,9.349128
VHL10360,2.5286913
VHL18707,4.1011643
VHL15801,2.1276019
VHL17931,14.811479
VHL16716,10.525356
VHL11290,3.0734522
VHL18180,4.905717
VHL19935,3.0092282
VHL16593,3.3808668
VHL17349,1.9332249
VHL18705,3.8150005
VHL18527,4.286009
VHL18577,4.4909115
VHL15369,58.43874
VHL16140,4.102264
VHL11458,4.213466
VHL13652,2.289062
VHL13470,6.7021585
VHL17609,5.0002756
VHL16953,0.85404646
VHL19670,18.819586
VHL16517,2.5742872
VHL12631,19.219725
VHL14338,1.6271114
VHL13224,2.280853
VHL19157,3.8578658
VHL10266,1.8136687
VHL11597,8.133068
VHL16219,6.1762843
VHL12828,4.29929
VHL10364,4.017954
VHL11875,81.56928
VHL10185,1.0579872
VHL12097,21.657593
VHL17691,0.9807823
VHL15092,2.5529768
VHL11628,25.061497
VHL13662,2.2684994
VHL11486,3.4338431
VHL18373,10.013405
VHL16605,29.092905
VHL14670,20.377132
VHL19579,2.845366
VHL15504,2.063059
VHL18831,1.3717263
VHL19404,2.4231465
VHL11218,5.2033567
VHL13869,19.268442
VHL19846,8.381113
VHL11677,7.2498655
VHL17416,2.6701756
VHL13175,2.1608963
VHL17965,17.79739
VHL19048,7.0662584
VHL18117,2.8806868
VHL16742,13.747557
VHL10339,4.1032066
VHL14079,3.7998185
VHL17034,2.8872325
VHL15903,3.7682192
VHL14643,8.5109005
VHL19176,5.590699
VHL16293,5.1511765
VHL16573,2.59636
VHL10615,3.9220405
VHL10834,6.8167906
VHL13200,7.1127844
VHL18949,13.356695
VHL14402,2.8561766
VHL16439,6.2397704
VHL14135,4.722712
VHL10015,2.3141656
VHL10388,4.4683504
VHL17226,10.458912
VHL16884,24.786903
VHL18216,2.7887766
VHL19751,14.216113
VHL11071,5.648644
VHL16489,21.305283
VHL12578,7.0344644
VHL10582,11.60635
VHL19617,28.259525
VHL14437,15.914851
VHL11749,3.4497523
VHL18131,7.820411
VHL16700,12.121103
VHL14166,5.0057073
VHL19100,5.875802
VHL11100,9.419186
VHL17954,22.993437
VHL15065,11.389275
VHL14908,13.240137
VHL11925,9.547897
VHL12725,98.10935
VHL17558,2.3825295
VHL12989,10.22496
VHL11734,24.800867
VHL15324,13.631096
VHL19720,10.600481
VHL17274,0.41173077
VHL10206,8.522257
VHL18355,2.5448494
VHL16634,6.24992
VHL15037,2.7668977
VHL19446,7.7639294
VHL11255,5.037252
VHL18968,10.01462
VHL17262,3.3844507
VHL19635,10.810326
VHL13636,3.5753288
VHL14827,9.0869875
VHL13630,14.879179
VHL18929,2.701343
VHL18493,26.970612
VHL11970,8.794119
VHL18557,2.3559752
VHL16603,4.703929
VHL10144,4.4309072
VHL19283,2.1287105
VHL14957,2.1275668
VHL14521,3.1887395
VHL14631,6.386558
VHL10741,5.654409
VHL18773,4.6886644
VHL15546,5.5407686
VHL18796,4.4146457
VHL16777,5.393572
VHL12667,1.4328849
VHL11806,8.699642
VHL16241,1.1443398
VHL11602,11.947651
VHL10361,2.4982429
VHL11563,2.083923
VHL18781,6.28015
VHL11605,1.913759
VHL17566,4.786785
VHL14925,6.2020173
VHL17378,23.694115
VHL13933,4.856371
VHL15621,4.4081283
VHL11212,7.417549
VHL17047,3.7538586
VHL18495,14.874261
VHL11789,16.031551
VHL18812,2.119722
VHL12003,3.5342796
VHL17763,3.5439968
VHL10234,2.5863369
VHL11820,17.392004
VHL15612,7.2832694
VHL16969,10.487692
VHL15883,43.10261
VHL16910,8.900321
VHL15537,12.039093
VHL19483,3.510013
VHL19061,22.770302
VHL10122,33.710014
VHL18413,7.29004
VHL19153,4.7218833
VHL16118,2.6035051
VHL11390,6.28015
VHL15701,1.6718633
VHL12322,18.790668
VHL18493,29.800938
VHL18230,5.4566674
VHL10567,2.3459888
VHL16862,4.8311644
VHL12040,10.868195
VHL13506,10.22496
VHL13379,10.529068
VHL16540,2.8281512
VHL14882,2.9019427
VHL16979,2.5825274
VHL17108,5.115185
VHL19862,1.709708
VHL19541,3.1092324
VHL16650,7.91178
VHL18976,19.823006
VHL15984,6.264254
VHL13017,7.3490324
VHL12807,17.07717
VHL16571,13.331668
VHL18496,4.661619
VHL19085,1.4609599
VHL15655,15.647382
VHL10274,13.572425
VHL17927,16.820692
VHL14169,2.4077318
VHL10088,17.120226
VHL19133,2.6158214
VHL10124,3.633295
VHL17800,72.42834
VHL12549,13.896689
VHL10900,3.7419941
VHL16654,2.3714528
VHL15178,2.9273796
VHL10370,19.315067
VHL19083,3.1519926
VHL10667,39.16058
VHL11177,2.4190385
VHL19621,3.6237917
VHL19834,2.8718088
VHL18831,2.0124226
VHL16058,11.846319
VHL15327,11.599079
VHL10566,3.8721032
VHL15911,5.0404673
VHL18703,2.7439637
VHL19494,3.357431
VHL16292,23.369518
VHL12417,3.5533953
VHL16694,9.464363
VHL16876,5.688931
VHL10394,2.4902968
VHL18192,2.0547705
VHL18989,4.4328804
VHL15531,4.458326
VHL19945,7.72374
VHL15352,6.847953
VHL10470,2.9480822
VHL12910,85.93462
VHL19260,9.301346
VHL18747,13.273399
VHL10865,10.710964
VHL10512,31.971275
VHL19176,1.8906963
VHL18494,4.688304
VHL14953,3.7095342
VHL18146,9.539009
VHL10753,5.9723377
VHL13266,11.436375
VHL18142,10.73679
VHL12499,2.7401114
VHL11132,3.6575785
VHL16161,-1.9409859
VHL16332,4.505037
VHL11947,33.590622
VHL15516,3.0734253
VHL15620,459.62097
VHL11334,9.612801
VHL14676,2.5643084
VHL18063,-2.900452
VHL11305,5.354176
VHL17190,2.8705454
VHL19509,5.107612
VHL13065,2.6752765
VHL16948,6.3965073
VHL18753,2.8534038
VHL13306,2.7049165
VHL11296,2.9467757
VHL14799,31.578394
VHL16629,94.33527
VHL12469,3.461353
VHL14725,1.5440197
VHL15360,1.8073163
VHL12472,1.7534485
VHL17694,6.440509
VHL19367,6.2142463
VHL13921,8.71974
VHL18424,2.0696452
VHL13215,16.168695
VHL19720,4.2472644
VHL19474,4.662029
VHL14718,1.9534113
VHL13614,6.120193
VHL15761,3.1242924
VHL15481,4.460527
VHL10583,1.5279193
VHL10999,3.2190983
VHL11387,4.519493
VHL17201,9.452908
VHL11541,23.591991
VHL11491,7.2832694
VHL13571,1.988045
VHL17798,9.371277
VHL11615,4.7400126
VHL17412,7.9448876
VHL17680,45.22531
VHL13091,22.391457
VHL13434,4.4311132
VHL15052,3.584043
VHL11742,2.7614975
VHL11925,3.6592185
VHL12016,4.335097
VHL17513,2.4231675
VHL10564,3.7187185
VHL14087,0.018484384
VHL18246,6.9517736
VHL10468,20.654415
VHL18823,3.0381382
VHL10264,6.8241715
VHL15285,10.496302
VHL16403,21.210485
VHL14260,15.321765
VHL16390,3.7022781
VHL14383,5.3309307
VHL12924,5.96623
VHL16793,1.3277843
VHL19286,3.9904447
VHL11692,98.422905
VHL19565,3.5182595
VHL12271,12.492219
VHL16387,2.4541795
VHL10067,1.7207613
VHL11055,11.472916
VHL16282,4.2091093
VHL10373,2.5570207
VHL13130,5.5365086
VHL14791,3.9232752
VHL17669,40.099384
VHL10245,4.2293353
VHL13394,2.7053497
VHL13369,4.276879
VHL12230,21.848104
VHL15024,1.7843382
VHL15401,5.509275
VHL17830,3.5439968
VHL16594,2.7438922
VHL13400,7.172079
VHL13413,3.0487583
VHL11338,19.29962
VHL12928,11.059805
VHL14141,22.232262
VHL13196,26.682718
VHL17193,4.4228215
VHL13848,14.078771
VHL15690,7.024527
VHL14292,3.1389532
VHL10249,17.21614
VHL16684,1.2746965
VHL13663,0.9295316
VHL16780,6.656774
VHL15195,5.1142926
VHL19709,1.6536696
VHL16300,3.9067283
VHL18402,2.548737
VHL10408,9.252653
VHL17856,5.8380246
VHL12909,6.7753124
VHL17579,41.280018
VHL14360,5.3653846
VHL16170,16.862764
VHL11625,15.880317
VHL10141,2.4608974
VHL13372,0.7436557
VHL10702,6.3178444
VHL10168,2.5995476
VHL17506,4.8743258
VHL19811,5.1411643
VHL18898,2.0158706
VHL14976,13.407336
VHL19528,7.287113
VHL14747,2.4274492
VHL12298,18.449207
VHL12897,97.947136
VHL14501,2.6627
VHL19230,7.3436465
VHL17122,4.4473195
VHL13093,10.625039
VHL13713,2.6286426
VHL10827,3.8401585
VHL14671,3.15867
VHL19953,2.7349734
VHL14674,12.777697
VHL19651,7.347758
VHL14860,30.94194
VHL15452,10.877665
VHL11031,5.192257
VHL16763,3.881237
VHL13764,19.281176
VHL12562,6.9021664
VHL11827,2.066348
VHL13929,4.372175
VHL10039,7.461693
VHL15009,48.043304
VHL13821,12.960427
VHL14348,1.82762
VHL16840,18.969315
VHL12002,8.628704
VHL10237,3.9473264
VHL18738,1.9529951
VHL10568,5.5024652
VHL19355,1.3482542
VHL16226,7.3202667
VHL16719,4.517979
VHL14548,2.0473773
VHL16912,23.898336
VHL19505,26.491108
VHL16442,2.0209947
VHL16825,3.287459
VHL12658,31.88838
VHL12481,33.648735
VHL18658,6.4332643
VHL15493,3.8980896
VHL12577,35.08326
VHL13844,5.321602
VHL12544,2.3069553
VHL14450,3.0298972
VHL16818,3.1279566
VHL18694,3.530309
VHL13597,25.886425
VHL15898,2.6598241
VHL18680,4.03566
VHL12465,18.199518
VHL12148,2.171317
VHL19876,24.85914
VHL19612,9.851913
VHL18169,25.533129
VHL13267,9.154926
VHL14640,1.6034858
VHL15593,5.775598
VHL16387,16.647099
VHL13148,9.886168
VHL11142,1.3803787
VHL18659,2.4236166
VHL13899,2.5807045
VHL18985,3.8073125
VHL17250,2.37214
VHL17539,3.0766547
VHL18609,6.387529
VHL11948,3.4255562
VHL11525,4.556518
VHL12806,11.830398
VHL19564,35.16256
VHL19054,7.763158
VHL18679,4.9352117
VHL19665,4.727368
VHL12463,2.363037
VHL10753,2.4384313
VHL11312,6.877957
VHL12620,1.935307
VHL17592,2.5620675
VHL11746,2.7343464
VHL14332,2.1001787
VHL19959,4.8834763
VHL16741,3.0529618
VHL10763,5.467674
VHL17541,4.6671605
VHL11701,6.3028736
VHL10194,2.8122878
VHL13479,34.11441
VHL15975,2.5566032
VHL10231,2.9504282
VHL18446,3.0057778
VHL19365,25.230246
VHL12815,2.7586908
VHL17210,9.032522
VHL14273,2.7558918
VHL16001,2.4226868
VHL17232,16.464146
VHL17877,3.2777238
VHL13772,6.371801
VHL14502,4.3331003
VHL12140,2.8602848
VHL12267,23.518637
VHL18736,12.428284
VHL17988,123.10786
VHL11233,34.2015
VHL18205,3.1166046
VHL17229,5.892746
VHL12503,6.534475
VHL16555,4.6950254
VHL11608,2.6532445
VHL13099,14.669047
VHL10464,2.6623495
VHL13660,2.0857208
VHL15246,5.1239605
VHL18351,4.230121
VHL14567,6.080008
VHL18076,2.9288096
VHL15135,5.9858875
VHL14661,19.78173
VHL13468,4.493989
VHL18899,3.3425741
VHL10051,2.5530515
VHL12127,2.8534038
VHL12196,4.4770947
VHL17014,5.751704
VHL11559,3.2420382
VHL10059,18.922934
VHL15739,4.359526
VHL14808,3.8347561
VHL15611,10.845873
VHL14636,49.541145
VHL11570,3.26616
VHL16463,13.056787
VHL16394,2.3949623
VHL13693,4.401012
VHL12291,3.0010273
VHL15561,3.9447498
VHL19493,41.838863
VHL12756,9.032522
VHL10950,3.3843775
VHL16866,4.5680223
VHL12609,11.447933
VHL12574,3.6237402
VHL17135,2.776299
VHL13752,10.146723
VHL13546,6.669086
VHL11097,5.088231
VHL18181,2.7343464
VHL10940,2.5292816
VHL16905,5.585078
VHL19185,7.106316
VHL10923,8.032492
VHL18309,3.500421
VHL19349,7.1286373
VHL13590,2.9427226
VHL20000,3.0923572
VHL12384,2.4652922
VHL13167,7.2499757
VHL18928,3.9771194
VHL11333,3.6686873
VHL18531,-2.2928486
VHL19725,1.7976899
VHL13535,11.531183
VHL15299,9.313181
VHL19132,43.662464
VHL19736,23.08797
VHL11914,7.4695783
VHL14981,41.736248
VHL11507,2.0688255
VHL18768,2.781441
VHL13208,2.530476
VHL17200,4.7673907
VHL19398,9.593874
VHL10666,34.289116
VHL12919,6.88262
VHL17972,6.756754
VHL10315,7.622205
VHL13868,1.0061028
VHL16268,11.943699
VHL15979,4.786119
VHL14334,5.393332
VHL19984,2.878297
VHL15905,16.138706
VHL14849,2.6893568
VHL10077,2.7309155
VHL12763,50.092983
VHL13814,4.3687363
VHL18236,3.5730371
VHL18380,5.647338
VHL11075,2.9272027
VHL10482,14.456524
VHL10117,7.503274
VHL13673,13.09935
VHL17221,29.539692
VHL11240,6.8198333
VHL12562,3.3965418
VHL13799,12.857691
VHL13466,20.728426
VHL14698,5.3507767
VHL15372,4.5484447
VHL13032,5.4449215
VHL13600,2.7922873
VHL17335,7.2960577
VHL15519,3.0576434
VHL19609,3.9063377
VHL12581,4.8740335
VHL18738,3.079798
VHL15107,2.8131895
VHL16177,8.270052
VHL11709,5.732898
VHL14469,2.6609883
VHL13687,3.4030433
VHL16412,4.806647
VHL14864,20.948507
VHL15725,4.7664313
VHL17141,2.9932652
VHL10991,3.239842
VHL10678,3.9183226
VHL13889,3.5681543
VHL17084,7.1822443
VHL15443,3.9805596
VHL10783,2.575375
VHL19744,4.8364925
VHL18331,10.496302
VHL16307,2.0984693
VHL18003,3.1691983
VHL10838,25.127874
VHL13320,84.272575
VHL19953,2.4560552
VHL19152,2.8751156
VHL15913,98.10935
VHL15341,7.8517475
VHL14269,3.7305691
VHL10263,28.98873
VHL10559,2.9885092
VHL17221,0.9371433
VHL12379,23.688547
VHL18253,1.9015527
VHL11172,2.9779809
VHL17213,26.178759
VHL18445,5.117537
VHL10808,10.497963
VHL13851,3.8797836
VHL18936,5.1838193
VHL17750,-0.0954569
VHL14279,10.857224
VHL17407,3.5699358
VHL17737,11.2809105
VHL11196,2.6317315
VHL10773,5.3713303
VHL12028,11.171768
VHL19833,12.918373
VHL13566,3.2672071
VHL18282,4.4311132
VHL11015,2.1118712
VHL16696,4.818986
VHL13980,1.9015527
VHL18337,7.628681
VHL11330,6.74814
VHL14873,7.2860074
VHL15435,3.6271758
VHL13861,12.217894
VHL12073,2.7546053
VHL15320,9.786506
VHL17850,2.8201332
VHL16757,6.5561767
VHL15181,2.8365612
VHL14613,3.4656582
VHL17238,4.8247337
VHL12083,6.7627063
VHL16344,8.626227
VHL19413,3.384114
VHL17430,10.031025
VHL14996,6.6129565
VHL13423,1.8203187
VHL13162,42.550426
VHL14672,6.08178
VHL12020,3.0807428
VHL16103,2.6832638
VHL10650,3.4675672
VHL15234,4.210525
VHL11305,7.6803865
VHL18180,15.510839
VHL17458,1.6588826
VHL15835,8.603449
VHL17211,4.7473545
VHL17209,6.4356856
VHL18693,3.1878936
VHL18975,10.474581
VHL18976,3.264771
VHL15391,2.9606333
VHL13071,52.029488
VHL19241,11.48768
VHL14944,7.4019732
VHL19128,19.823006
VHL18577,1.7534485
VHL15429,1.8605154
VHL12217,6.839617
VHL15705,19.447128
VHL19888,4.4184027
VHL11906,11.151617
VHL15757,19.730213
VHL11938,15.8696165
VHL10969,2.2085621
VHL11777,19.99528
VHL16275,3.8943567
VHL14235,4.7555633
VHL10496,20.490955
VHL18481,3.1699755
VHL17185,3.383613
VHL15960,2.779254
VHL11313,12.940857
VHL11288,18.127745
VHL12337,6.481894
VHL14268,2.117454
VHL10015,18.75332
VHL16136,3.5745134
VHL17903,13.125744
VHL14018,4.956833
VHL17473,6.189689
VHL11480,8.393888
VHL13881,3.0061505
